cf_wad,ratio_permille,dx_wei,borrowable_wei
500000000000000000,100,100000000000000000000,54999999999999995454
500000000000000000,250,250000000000000000000,156249999999999990000
500000000000000000,500,500000000000000000000,375000000000000000000
500000000000000000,667,667000000000000000000,555944499999999979993
500000000000000000,750,750000000000000000000,656249999999999978571
500000000000000000,1000,1000000000000000000000,999999999999999975000
500000000000000000,1500,1500000000000000000000,1874999999999999970000
500000000000000000,2000,2000000000000000000000,3000000000000000000000
600000000000000000,100,100000000000000000000,65999999999999994545
600000000000000000,250,250000000000000000000,187499999999999988000
600000000000000000,500,500000000000000000000,450000000000000000000
600000000000000000,667,667000000000000000000,667133399999999975992
600000000000000000,750,750000000000000000000,787499999999999974285
600000000000000000,1000,1000000000000000000000,1199999999999999970000
600000000000000000,1500,1500000000000000000000,2249999999999999964000
600000000000000000,2000,2000000000000000000000,3600000000000000000000
667000000000000000,100,100000000000000000000,73369999999999993936
667000000000000000,250,250000000000000000000,208437499999999986660
667000000000000000,500,500000000000000000000,500250000000000000000
667000000000000000,667,667000000000000000000,741629962999999973311
667000000000000000,750,750000000000000000000,875437499999999971413
667000000000000000,1000,1000000000000000000000,1333999999999999966650
667000000000000000,1500,1500000000000000000000,2501249999999999959980
667000000000000000,2000,2000000000000000000000,4002000000000000000000
750000000000000000,100,100000000000000000000,82499999999999993181
750000000000000000,250,250000000000000000000,234374999999999985000
750000000000000000,500,500000000000000000000,562500000000000000000
750000000000000000,667,667000000000000000000,833916749999999969990
750000000000000000,750,750000000000000000000,984374999999999967856
750000000000000000,1000,1000000000000000000000,1499999999999999962500
750000000000000000,1500,1500000000000000000000,2812499999999999955000
750000000000000000,2000,2000000000000000000000,4500000000000000000000
900000000000000000,100,100000000000000000000,98999999999999991818
900000000000000000,250,250000000000000000000,281249999999999982000
900000000000000000,500,500000000000000000000,675000000000000000000
900000000000000000,667,667000000000000000000,1000700099999999963988
900000000000000000,750,750000000000000000000,1181249999999999961427
900000000000000000,1000,1000000000000000000000,1799999999999999955000
900000000000000000,1500,1500000000000000000000,3374999999999999946000
900000000000000000,2000,2000000000000000000000,5400000000000000000000
